{
  "nodes": {
    "speech#1": {
      "contentWidth": 350,
      "rfNode": {
        "position": {
          "x": 1144.9249121116861,
          "y": 53.071925393652904
        }
      },
      "sections": {
        "inputs": {
          "collapsed": {
            "text": {
              "[]": true
            }
          }
        }
      }
    },
    "+python#1": {
      "contentWidth": 684.5105050704182,
      "rfNode": {
        "position": {
          "x": 1566.7728454811916,
          "y": 53.071925393652904
        }
      },
      "sections": {
        "inputs": {
          "collapsed": {
            "sentences": {
              "[]": true
            }
          }
        },
        "scriptlet": {
          "cardCollapsed": true
        }
      }
    },
    "srt-converter#1": {
      "contentWidth": 350,
      "rfNode": {
        "position": {
          "x": 2316.2582306834497,
          "y": 53.071925393652904
        }
      },
      "sections": {
        "inputs": {
          "collapsed": {
            "sentences": {
              "[]": true
            }
          }
        }
      }
    },
    "encode-string#1": {
      "rfNode": {
        "position": {
          "x": 2753.7060121042173,
          "y": 53.071925393652904
        }
      }
    },
    "binary_save_as_file#1": {
      "rfNode": {
        "position": {
          "x": 3234.712388806548,
          "y": 188.07192539365292
        }
      }
    }
  },
  "pseudoNodes": {
    "input": {
      "rfNode": {
        "position": {
          "x": 576.6196133952234,
          "y": 53.071925393652904
        }
      }
    },
    "output": {
      "rfNode": {
        "position": {
          "x": 3734.1424811775087,
          "y": 437.6030255522175
        }
      }
    }
  }
}