{
  "nodes": {
    "speech#1": {
      "contentWidth": 350,
      "rfNode": {
        "position": {
          "x": 1144.9249121116861,
          "y": 53.071925393652904
        }
      },
      "sections": {
        "inputs": {
          "collapsed": {
            "text": {
              "[]": true
            }
          }
        }
      }
    },
    "+python#1": {
      "contentWidth": 684.5105050704182,
      "rfNode": {
        "position": {
          "x": 1574.875,
          "y": 136.07192539365292
        }
      },
      "sections": {
        "inputs": {
          "collapsed": {
            "sentences": {
              "[]": true
            }
          }
        },
        "scriptlet": {
          "cardCollapsed": true
        }
      }
    },
    "srt-converter#1": {
      "contentWidth": 350,
      "rfNode": {
        "position": {
          "x": 2347.0200452837307,
          "y": 136.07192539365292
        }
      },
      "sections": {
        "inputs": {
          "collapsed": {
            "sentences": {
              "[]": true
            }
          }
        }
      }
    },
    "+python#2": {
      "contentWidth": 589.7267893034673,
      "rfNode": {
        "position": {
          "x": 462.0393047334243,
          "y": 82.07192539365292
        }
      },
      "sections": {
        "inputs": {
          "collapsed": {
            "text": {
              "[]": true
            }
          }
        },
        "scriptlet": {
          "cardCollapsed": true
        }
      }
    },
    "encode-string#1": {
      "rfNode": {
        "position": {
          "x": 2780.416749445094,
          "y": 136.07192539365292
        }
      }
    },
    "audio_preview#1": {
      "rfNode": {
        "position": {
          "x": 1574.875,
          "y": -206.97826898787113
        }
      }
    },
    "binary_to_file#1": {
      "rfNode": {
        "position": {
          "x": 3328.6359676003012,
          "y": 329
        }
      }
    },
    "+value#1": {
      "contentWidth": 415,
      "rfNode": {
        "position": {
          "x": -58.38763693544547,
          "y": 163
        }
      }
    }
  },
  "pseudoNodes": {
    "input": {
      "rfNode": {
        "position": {
          "x": 462.0393047334243,
          "y": -106.02261986932578
        }
      }
    },
    "output": {
      "rfNode": {
        "position": {
          "x": 741.6123630645545,
          "y": -413.01505035372185
        }
      }
    }
  }
}